Big_Address,Middle_Address,Small_Address,0
경기,고양시,탄현동,8838
경기,파주시,교하읍,8359
경기,고양시,풍동,7154
경기,고양시,마두동,6010
경기,고양시,일산3동,5786
경기,고양시,백석동,5507
경기,고양시,마두1동,5121
경기,고양시,일산2동,4887
경기,고양시,성사동,4122
경기,고양시,가좌동,3519
경기,김포시,장기동,3092
경기,파주시,금촌2동,3082
경기,고양시,대화동,3007
경기,고양시,주엽동,2743
경기,고양시,일산1동,2508
경기,파주시,조리읍,2473
경기,고양시,일산4동,2220
경기,고양시,주엽2동,2208
경기,고양시,주엽1동,2126
서울,은평구,신사동,2015
경기,고양시,화정동,1882
서울,은평구,갈현동,1796
서울,서초구,서초동,1768
서울,강남구,압구정동,1739
경기,파주시,아동동,1692
서울,서초구,방배동,1646
경기,군포시,당동,1637
경기,의정부시,호원동,1627
경기,고양시,장항2동,1610
서울,양천구,목동,1605
경기,김포시,풍무동,1494
서울,강서구,방화동,1455
경기,김포시,북변동,1432
경기,고양시,마두2동,1429
경기,고양시,덕이동,1373
경기,파주시,탄현면,1321
경기,파주시,금촌동,1306
서울,은평구,수색동,1301
경기,고양시,중산동,1284
경기,김포시,고촌면,1262
인천,서구,불로동,1228
서울,송파구,가락동,1199
인천,연수구,청학동,1166
경기,안양시,평촌동,1140
서울,구로구,신도림동,1130
경기,고양시,삼송동,1129
경기,고양시,화전동,1104
경기,고양시,토당동,1077
경기,파주시,파주읍,1047
서울,강남구,대치동,1047
서울,서대문구,연희동,1002
서울,마포구,서교동,997
인천,부평구,부평동,969
서울,은평구,응암동,964
경기,시흥시,신천동,962
서울,은평구,갈현2동,938
경기,수원시,조원동,928
경기,파주시,월롱면,921
경기,김포시,양촌면,919
경기,고양시,식사동,912
경기,성남시,수내동,904
경기,고양시,고양동,902
경기,파주시,문산읍,897
대전,서구,둔산동,891
경기,안양시,안양2동,883
서울,서대문구,홍은동,875
서울,양천구,목3동,874
경기,파주시,법원읍,867
서울,양천구,목5동,846
경기,군포시,산본동,840
서울,은평구,응암1동,822
경기,남양주시,화도읍,819
인천,서구,마전동,818
서울,은평구,구산동,808
서울,동작구,사당3동,805
서울,강서구,등촌2동,799
인천,부평구,삼산동,794
서울,마포구,공덕동,786
경기,고양시,화정1동,781
경기,시흥시,대야동,780
경기,안산시,원곡동,780
충남,예산군,예산읍,769
충북,청주시,분평동,767
서울,서초구,양재동,767
강원,춘천시,석사동,758
경기,포천시,소흘읍,755
서울,동작구,상도동,744
서울,송파구,오금동,739
서울,강북구,수유동,733
경기,고양시,성사1동,729
서울,송파구,신천동,725
경기,안산시,본오동,724
경기,안양시,관양동,705
서울,송파구,방이동,704
인천,부평구,부개3동,702
인천,부평구,청천동,697
서울,동작구,흑석동,696
서울,강서구,염창동,691
서울,동작구,신대방동,688
강원,속초시,교동,688
경기,고양시,사리현동,681
경남,거제시,신현읍,679
서울,강서구,방화2동,679
경기,의정부시,신곡2동,671
경기,동두천시,생연동,661
서울,노원구,공릉동,658
경기,고양시,성석동,649
서울,서대문구,북가좌1동,649
서울,은평구,불광3동,645
경기,의왕시,오전동,644
인천,부평구,산곡3동,637
경기,고양시,설문동,632
제주,제주시,일도동,631
서울,은평구,대조동,631
인천,서구,연희동,621
인천,강화군,강화읍,618
인천,서구,심곡동,610
인천,남동구,만수4동,610
경기,광명시,광명7동,605
경기,부천시,고강1동,603
인천,남구,문학동,602
서울,은평구,역촌1동,597
경기,고양시,행신3동,595
경기,부천시,중2동,594
서울,강서구,방화3동,591
서울,영등포구,여의도동,589
서울,영등포구,신길6동,580
경기,고양시,장항동,578
경기,안산시,고잔동,572
서울,성동구,마장동,570
경기,수원시,금곡동,568
서울,강서구,화곡7동,566
경기,성남시,서현동,566
경기,부천시,괴안동,563
서울,성북구,길음동,560
서울,강서구,화곡1동,556
전북,전주시,효자동1가,555
경기,양주시,덕계동,551
서울,양천구,신월2동,548
충북,청주시,사창동,547
서울,마포구,망원동,547
경기,부천시,도당동,546
인천,남동구,만수1동,546
서울,강남구,신사동,545
인천,연수구,송도동,544
서울,서초구,방배2동,543
서울,서대문구,북가좌2동,539
서울,동대문구,이문동,537
경기,고양시,화정2동,532
서울,양천구,신월7동,530
경기,안산시,사동,525
서울,강서구,화곡8동,525
부산,기장군,기장읍,516
경기,성남시,이매동,516
서울,강동구,둔촌동,515
경기,부천시,오정동,512
인천,서구,당하동,506
경기,의정부시,신곡1동,502
경기,김포시,하성면,498
인천,서구,가좌동,495
광주,남구,진월동,490
경기,안양시,석수2동,489
서울,광진구,구의동,488
제주,제주시,노형동,487
부산,해운대구,좌동,486
인천,남동구,간석4동,485
인천,남구,주안6동,479
경기,고양시,백석2동,476
서울,서대문구,남가좌2동,473
서울,관악구,신림본동,470
경기,남양주시,퇴계원면,469
경남,진주시,신안동,467
서울,서대문구,연희3동,467
경기,남양주시,오남읍,467
서울,서대문구,홍제2동,466
경기,파주시,광탄면,465
경기,안산시,사2동,462
울산,남구,야음2동,461
인천,서구,왕길동,457
경기,남양주시,와부읍,456
경북,포항시,두호동,456
서울,마포구,상암동,455
경기,파주시,금촌1동,455
대구,수성구,신매동,453
서울,영등포구,대림3동,453
인천,서구,검암동,452
서울,강서구,내발산동,451
서울,강동구,길동,451
서울,중랑구,신내동,450
경북,포항시,용흥동,449
충남,보령시,죽정동,448
경기,화성시,반송동,447
인천,중구,항동7가,445
서울,성북구,하월곡동,444
경기,의정부시,녹양동,443
경기,김포시,감정동,441
경북,구미시,송정동,439
서울,용산구,이촌1동,434
서울,도봉구,쌍문동,432
경기,안양시,박달동,430
서울,송파구,거여동,430
인천,부평구,십정2동,430
경기,광주시,오포읍,430
인천,남구,주안2동,430
인천,연수구,옥련동,428
경기,성남시,구미동,427
경기,광명시,소하동,426
대전,대덕구,송촌동,424
서울,은평구,응암2동,422
서울,종로구,구기동,421
서울,마포구,망원2동,418
서울,서대문구,홍제3동,415
서울,마포구,신수동,414
서울,동작구,사당동,411
경기,김포시,사우동,410
경기,양주시,장흥면,410
서울,송파구,잠실본동,408
경기,고양시,행신2동,408
경기,안산시,사1동,408
서울,양천구,신월4동,404
서울,은평구,진관동,403
인천,서구,석남1동,401
서울,구로구,고척2동,399
인천,중구,운서동,398
제주,남제주군,남원읍,397
경기,동두천시,지행동,395
경기,수원시,율전동,394
서울,서대문구,북가좌동,392
서울,관악구,신림동,391
경기,광명시,광명1동,390
경기,구리시,교문동,389
경기,이천시,창전동,389
경기,시흥시,은행동,387
서울,은평구,불광1동,386
경기,화성시,태안읍,385
경남,창원시,봉곡동,385
경기,화성시,봉담읍,382
서울,영등포구,당산동,381
서울,마포구,중동,381
서울,도봉구,창4동,378
경북,경주시,성건동,377
서울,양천구,신월1동,376
충남,홍성군,홍성읍,376
경기,고양시,장항1동,376
경기,김포시,대곶면,375
서울,용산구,이촌동,374
충남,당진군,당진읍,372
서울,광진구,광장동,372
경기,수원시,정자동,372
인천,남동구,구월3동,370
경기,과천시,중앙동,370
서울,구로구,오류1동,370
경기,평택시,지산동,369
경기,시흥시,거모동,369
경기,구리시,수택동,369
경남,김해시,삼방동,368
경기,하남시,덕풍동,367
서울,강동구,암사동,367
경기,성남시,정자동,366
경기,부천시,중1동,366
제주,제주시,일도2동,365
경기,부천시,작동,364
경기,파주시,검산동,363
서울,강서구,등촌3동,363
대전,유성구,전민동,362
경기,성남시,은행2동,360
서울,강서구,등촌동,358
서울,금천구,시흥5동,358
전남,완도군,완도읍,358
경기,용인시,마북동,358
경기,남양주시,진접읍,357
서울,강북구,번2동,356
충북,청주시,가경동,355
충북,청주시,영운동,351
경기,안산시,고잔2동,348
서울,서초구,서초4동,347
대구,달성군,화원읍,347
인천,남구,주안4동,345
경남,마산시,내서읍,344
전북,전주시,인후동1가,344
서울,마포구,합정동,343
경기,안산시,일동,341
경기,부천시,역곡동,338
경기,안양시,안양3동,335
경기,연천군,전곡읍,334
경기,용인시,중동,334
경기,용인시,구성읍,331
서울,서초구,서초3동,329
강원,철원군,동송읍,327
경남,진주시,평거동,326
부산,금정구,청룡동,325
경기,부천시,범박동,325
경기,동두천시,생연2동,325
서울,금천구,독산3동,325
경남,거창군,거창읍,325
서울,광진구,자양2동,324
경기,부천시,원미1동,321
서울,중랑구,묵2동,320
서울,구로구,개봉2동,320
서울,강서구,화곡4동,320
경기,부천시,역곡1동,318
부산,동래구,온천1동,317
서울,양천구,신정7동,315
전남,여수시,신월동,314
대구,수성구,만촌동,314
전남,목포시,용해동,312
경기,성남시,태평3동,312
인천,계양구,작전2동,311
경기,안양시,호계동,311
충북,청주시,수곡동,310
경기,고양시,향동동,310
경기,김포시,통진읍,309
인천,부평구,부평1동,309
서울,강서구,가양3동,308
경기,고양시,주교동,307
인천,계양구,박촌동,307
서울,양천구,신정1동,306
서울,성동구,성수동1가,305
서울,관악구,봉천동,305
경기,평택시,합정동,303
서울,송파구,잠실동,302
인천,남구,주안7동,301
서울,영등포구,문래동3가,301
경남,창원시,반림동,299
경기,의정부시,가능1동,299
서울,은평구,녹번동,299
인천,계양구,작전동,299
경기,남양주시,평내동,299
경기,파주시,금능동,297
서울,강남구,일원동,297
서울,동작구,대방동,297
인천,서구,가좌3동,297
경남,마산시,산호동,297
서울,서초구,서초1동,296
경기,안양시,석수1동,296
경기,양주시,삼숭동,295
경기,용인시,성복동,295
서울,성동구,응봉동,293
인천,남구,용현5동,292
서울,양천구,신월3동,292
서울,강서구,화곡본동,291
경기,성남시,금곡동,291
서울,동작구,상도4동,289
서울,도봉구,창동,289
경기,성남시,성남동,288
전북,전주시,삼천동1가,287
경기,남양주시,호평동,287
울산,북구,천곡동,286
경기,의왕시,내손2동,286
서울,도봉구,창2동,285
전남,목포시,옥암동,285
서울,동대문구,장안동,285
서울,마포구,아현동,285
서울,영등포구,신길7동,285
서울,금천구,시흥4동,284
서울,동대문구,장안1동,284
강원,평창군,진부면,284
울산,울주군,범서읍,283
제주,제주시,연동,283
경기,평택시,팽성읍,283
인천,남동구,만수3동,283
인천,계양구,계산3동,282
경기,성남시,태평2동,280
충남,천안시,구성동,279
서울,관악구,신림5동,279
경기,연천군,군남면,279
충남,아산시,온천동,277
경기,광명시,철산2동,277
서울,관악구,인헌동(봉천11동),276
서울,구로구,개봉3동,276
대전,서구,탄방동,276
충남,연기군,조치원읍,276
서울,강동구,천호동,274
서울,은평구,증산동,274
인천,남동구,만수동,274
충북,청주시,복대2동,273
서울,서대문구,홍은1동,272
인천,부평구,갈산2동,271
광주,북구,운암동,270
서울,동작구,신대방2동,270
인천,계양구,동양동,269
인천,남동구,장수동,269
경기,고양시,원흥동,269
서울,동작구,사당2동,269
광주,북구,양산동,268
서울,구로구,구로본동,266
대구,동구,방촌동,266
강원,삼척시,도계읍,266
대전,유성구,노은동,264
경기,고양시,지축동,263
인천,부평구,갈산1동,263
서울,금천구,독산1동,263
서울,구로구,구로5동,263
경북,예천군,예천읍,262
서울,노원구,공릉1동,262
인천,계양구,병방동,261
경기,광주시,송정동,261
인천,서구,신현동,260
서울,서초구,잠원동,260
충남,서산시,동문동,260
경남,김해시,내동,259
경북,포항시,흥해읍,259
충남,천안시,성정동,258
울산,북구,염포동,258
대전,동구,홍도동,257
서울,서초구,서초2동,256
경북,칠곡군,북삼읍,256
전북,전주시,덕진동1가,255
서울,영등포구,양평동5가,255
서울,강서구,화곡6동,254
서울,강동구,천호1동,254
서울,서초구,방배4동,253
경기,고양시,NULL,253
울산,남구,신정2동,253
울산,동구,방어동,253
경기,부천시,중동,252
울산,남구,야음동,252
대구,북구,동천동,252
서울,송파구,잠실3동,252
서울,강남구,도곡2동,252
경기,파주시,야동동,251
충남,아산시,염치읍,251
인천,계양구,효성2동,250
강원,원주시,명륜동,250
충남,천안시,신부동,250
서울,종로구,무악동,250
충남,당진군,합덕읍,250
경기,동두천시,송내동,249
경기,남양주시,진건읍,248
경남,진주시,칠암동,248
서울,동작구,본동,248
경기,성남시,수진2동,247
인천,부평구,산곡4동,247
인천,서구,원당동,247
경기,광명시,광명4동,247
대구,달서구,도원동,246
광주,남구,월산동,246
전북,전주시,효자동2가,244
경기,연천군,미산면,244
서울,성북구,성북동,244
대전,중구,문화동,243
경남,창원시,사파동,243
서울,마포구,창전동,241
경기,성남시,야탑동,240
서울,송파구,가락1동,240
경기,부천시,송내동,240
서울,양천구,신정6동,239
충남,천안시,두정동,239
경남,김해시,장유면,239
충남,서천군,서천읍,239
울산,울주군,온산읍,238
서울,동작구,흑석1동,238
충남,천안시,백석동,237
강원,동해시,동회동,237
대구,수성구,수성동1가,237
서울,은평구,구파발동,236
경기,평택시,평택동,236
서울,관악구,봉천3동,236
서울,도봉구,도봉2동,235
경남,마산시,회원2동,235
강원,동해시,천곡동,234
경기,수원시,권선동,234
대전,중구,선화동,234
서울,양천구,목4동,233
경남,창원시,소계동,233
경기,안성시,공도읍,232
경기,평택시,서정동,232
경기,양주시,광적면,232
인천,부평구,부개1동,232
충남,태안군,태안읍,232
서울,양천구,신정2동,231
서울,성북구,돈암동,231
경기,양주시,은현면,231
서울,용산구,한강로3가,231
서울,강서구,등촌1동,231
충북,청주시,용암동,230
전남,순천시,연향동,229
경북,영천시,야사동,229
경기,안양시,석수3동,229
부산,연제구,연산동,229
서울,관악구,신림11동,229
강원,영월군,영월읍,228
경기,평택시,동삭동,228
제주,제주시,용담동,227
충북,청주시,봉명동,227
서울,성동구,행당동,227
강원,삼척시,원덕읍,226
경기,김포시,월곶면,226
서울,송파구,마천2동,225
대전,서구,갈마동,225
경기,의정부시,의정부2동,225
충남,서산시,해미면,224
인천,연수구,동춘1동,224
경기,의정부시,금오동,223
경기,안산시,초지동,223
울산,중구,성안동,223
대전,동구,가양1동,223
서울,구로구,개봉동,223
경기,양주시,백석읍,222
서울,동대문구,장안2동,222
경기,포천시,군내면,222
전북,전주시,호성동1가,222
경기,용인시,기흥읍,222
경기,안산시,성곡동,222
경기,안산시,선부3동,221
제주,서귀포시,서홍동,221
광주,서구,화정동,221
경북,김천시,신음동,220
인천,남동구,만수6동,220
경기,수원시,고색동,220
서울,중구,중림동,220
경기,안산시,이동,219
서울,영등포구,문래동,219
서울,은평구,역촌동,219
충북,청원군,옥산면,218
충남,서천군,장항읍,218
경북,안동시,옥동,218
충남,청양군,청양읍,217
서울,양천구,목6동,217
서울,서대문구,홍은3동,216
서울,성동구,행당2동,216
경기,의정부시,의정부3동,215
경기,화성시,정남면,215
경기,양평군,양평읍,215
강원,원주시,우산동,215
경북,경산시,진량읍,215
경북,영주시,하망동,214
경기,안양시,범계동,213
경기,안양시,갈산동,213
충남,보령시,명천동,213
대전,대덕구,신탄진동,212
인천,계양구,계산4동,212
서울,중랑구,망우동,211
경기,수원시,호매실동,210
서울,구로구,오류2동,209
경기,고양시,성사2동,209
서울,중구,신당2동,208
강원,홍천군,홍천읍,208
전북,군산시,경암동,208
서울,영등포구,당산동5가,208
경남,창원시,도계동,208
서울,노원구,상계8동,207
경기,성남시,태평동,207
대구,수성구,두산동,206
경남,마산시,완월동,206
충북,제천시,화산동,205
충남,예산군,삽교읍,205
경남,창원시,신월동,205
경기,부천시,소사본동,205
서울,강서구,공항동,205
서울,관악구,봉천10동,205
서울,관악구,봉천본동,204
서울,구로구,개봉1동,204
서울,양천구,신월5동,204
인천,강화군,교동면,204
경기,성남시,중동,204
서울,동대문구,전농1동,203
서울,동작구,신대방1동,203
울산,동구,화정동,202
전남,장성군,장성읍,202
서울,마포구,노고산동,202
인천,연수구,연수3동,202
경기,광명시,철산동,201
경북,포항시,송도동,201
대구,남구,대명9동,201
경기,안양시,석수동,201
충북,제천시,동현동,200
경기,화성시,동탄면,200
경남,진주시,상봉서동,200
강원,강릉시,포남1동,200
인천,중구,신흥동1가,200
인천,부평구,십정1동,199
부산,사상구,모라동,199
서울,영등포구,신길동,198
경남,창원시,상남동,198
서울,노원구,월계2동,198
서울,노원구,공릉3동,198
경기,광명시,소하2동,198
부산,동래구,안락동,198
인천,계양구,효성1동,197
경남,창원시,사림동,197
광주,북구,용봉동,196
강원,동해시,효가동,196
충남,태안군,안면읍,196
서울,마포구,신정동,195
전북,익산시,부송동,195
인천,남구,숭의2동,195
인천,부평구,산곡2동,195
경북,포항시,연일읍,195
서울,종로구,내수동,194
서울,송파구,삼전동,194
경기,안산시,성포동,194
경남,양산시,물금읍,194
서울,관악구,봉천1동,194
부산,해운대구,우1동,194
부산,사하구,괴정동,194
인천,강화군,선원면,193
경기,파주시,맥금동,193
제주,제주시,삼도1동,193
경기,군포시,산본1동,193
전북,군산시,나운2동,193
경북,구미시,고아읍,192
대전,서구,용문동,192
경기,구리시,인창동,192
강원,삼척시,교동,191
부산,남구,용호1동,191
경기,군포시,산본2동,190
서울,동대문구,전농동,190
경기,안양시,호계3동,190
서울,양천구,신정4동,190
대전,서구,관저동,189
충남,천안시,성환읍,189
서울,노원구,중계1동,189
경기,시흥시,정왕2동,189
서울,용산구,이태원2동,189
인천,계양구,계산1동,188
경기,용인시,죽전동,188
경남,마산시,석전2동,188
서울,종로구,연건동,188
경남,진해시,여좌동,188
경북,의성군,의성읍,188
울산,남구,삼산동,187
대전,대덕구,법동,187
서울,강북구,번1동,186
인천,남구,관교동,186
인천,남동구,구월2동,186
경북,포항시,용흥1동,185
서울,강북구,수유1동,185
서울,강북구,미아5동,185
제주,서귀포시,서귀동,184
경기,수원시,지동,184
전북,익산시,동산동,184
경기,양평군,옥천면,183
울산,중구,남외동,183
서울,서대문구,연희2동,183
서울,구로구,온수동,182
전북,군산시,월명동,182
전북,익산시,영등동,182
경기,부천시,심곡2동,181
서울,관악구,봉천7동,181
서울,도봉구,창1동,180
경기,시흥시,하상동,180
서울,송파구,오륜동,180
인천,부평구,부평2동,180
경기,연천군,연천읍,180
충북,청주시,사직1동,180
광주,광산구,월계동,180
서울,양천구,신정3동,179
전북,정읍시,신태인읍,178
강원,춘천시,후평2동,178
서울,영등포구,신길2동,177
서울,영등포구,영등포동,177
서울,중랑구,면목7동,177
전남,순천시,조례동,177
제주,제주시,도남동,177
서울,노원구,하계동,176
경기,군포시,오금동,176
경기,평택시,이충동,176
서울,광진구,중곡2동,176
부산,수영구,민락동,175
경남,양산시,웅상읍,175
서울,동대문구,제기2동,175
충남,논산시,연무읍,174
대전,동구,용운동,174
대구,남구,봉덕2동,174
충남,서산시,음암면,174
인천,중구,운남동,174
부산,사상구,주례2동,174
인천,서구,경서동,174
경기,파주시,적성면,174
서울,구로구,항동,174
경기,의왕시,내손1동,174
서울,중랑구,면목6동,174
제주,서귀포시,동홍동,173
서울,용산구,용산동2가,173
경기,광명시,광명3동,172
서울,성북구,정릉1동,172
인천,부평구,청천2동,172
서울,성북구,정릉2동,171
경남,진주시,상평동,171
전남,목포시,신흥동,171
충북,진천군,이월면,171
대전,중구,석교동,170
부산,북구,금곡동,170
경남,마산시,월영2동,169
서울,강서구,가양1동,169
경북,포항시,대도동,169
대전,대덕구,읍내동,169
경기,안양시,호계1동,169
대전,서구,둔산2동,169
경기,안양시,부흥동,169
대전,중구,옥계동,169
전북,전주시,효자동3가,168
부산,수영구,광안4동,168
서울,강서구,마곡동,168
경기,양주시,덕정동,168
충남,부여군,부여읍,168
경기,평택시,비전2동,167
인천,부평구,부평6동,167
서울,성북구,종암동,167
서울,영등포구,양평동1가,167
인천,남구,학익2동,167
서울,강북구,수유2동,167
서울,성동구,용답동,167
경기,광명시,광명5동,166
경북,안동시,용상동,166
전남,목포시,연산동,166
전남,광양시,금호동,166
경기,용인시,모현면,165
서울,성동구,성수1가2동,165
경남,진해시,석동,165
전남,화순군,화순읍,165
경북,구미시,선산읍,165
서울,도봉구,쌍문1동,165
대구,동구,불로동,165
경기,파주시,야당동,165
서울,서초구,양재2동,164
충남,아산시,인주면,164
서울,서초구,방배3동,164
서울,은평구,응암4동,164
서울,강남구,세곡동,164
충남,예산군,봉산면,164
부산,남구,용호동,164
인천,계양구,귤현동,164
울산,울주군,온양읍,164
대전,대덕구,오정동,162
서울,강남구,도곡1동,162
경북,칠곡군,석적면,162
부산,수영구,망미1동,162
인천,서구,대곡동,162
경기,안양시,호계2동,162
충남,천안시,봉명동,162
서울,중랑구,묵1동,162
경기,성남시,태평1동,162
서울,동작구,노량진1동,161
충남,당진군,송악면,161
경북,안동시,풍산읍,161
서울,영등포구,양평동4가,161
경기,성남시,산성동,161
광주,광산구,도산동,160
광주,동구,운림동,159
경기,평택시,포승면,159
경기,부천시,중3동,159
울산,남구,신정동,159
서울,마포구,상수동,158
강원,원주시,단구동,158
서울,성북구,장위동,158
서울,성동구,금호동4가,158
서울,강동구,고덕1동,157
전북,부안군,변산면,157
제주,남제주군,대정읍,157
경남,함양군,함양읍,157
강원,태백시,상장동,157
경기,가평군,설악면,157
서울,강남구,청담동,156
강원,정선군,사북읍,156
경북,칠곡군,왜관읍,156
울산,남구,달동,156
서울,관악구,봉천9동,156
서울,광진구,화양동,156
서울,마포구,망원1동,156
서울,관악구,봉천6동,155
광주,북구,각화동,155
서울,관악구,봉천5동,155
서울,관악구,신림7동,154
대전,유성구,반석동,154
대구,동구,지묘동,154
경기,광주시,역동,154
인천,남구,숭의동,154
전북,정읍시,수성동,154
서울,강북구,수유4동,154
서울,영등포구,당산동4가,154
경남,김해시,구산동,154
서울,강북구,미아3동,154
대전,서구,갈마1동,154
울산,남구,야음3동,154
경기,시흥시,장곡동,153
서울,송파구,석촌동,153
부산,강서구,대저2동,153
대구,달서구,본리동,153
충남,아산시,음봉면,153
전북,군산시,조촌동,153
경기,부천시,소사본1동,153
서울,종로구,누상동,152
서울,관악구,신림9동,152
울산,중구,다운동,152
경기,포천시,신읍동,152
강원,삼척시,정하동,151
강원,강릉시,노암동,151
경기,수원시,정자1동,151
전남,여수시,신기동,151
서울,영등포구,당산동2가,151
서울,양천구,목1동,151
서울,금천구,독산동,150
강원,홍천군,내면,150
충남,아산시,권곡동,150
강원,춘천시,효자2동,150
경기,수원시,정자2동,149
서울,송파구,방이2동,149
서울,용산구,한강로2가,148
서울,마포구,신공덕동,148
경기,안양시,부림동,148
서울,광진구,구의2동,148
울산,남구,무거1동,148
경기,양평군,강하면,148
인천,부평구,부개2동,148
경기,고양시,행신1동,147
경기,광주시,실촌읍,147
경기,시흥시,목감동,147
경기,수원시,영통동,147
경북,봉화군,봉화읍,147
대전,중구,유천2동,147
서울,강남구,삼성동,147
충북,충주시,지현동,147
부산,사상구,엄궁동,146
경남,창원시,명서동,146
충남,서산시,대산읍,146
전남,영광군,홍농읍,146
충북,제천시,청전동,145
서울,성북구,길음3동,145
경기,양주시,고암동,145
서울,강남구,율현동,145
대전,유성구,도룡동,145
서울,강서구,화곡3동,145
서울,구로구,구로3동,145
서울,구로구,구로4동,145
서울,종로구,효자동,145
부산,영도구,신선동,145
경남,고성군,고성읍,145
서울,마포구,대흥동,145
경기,광주시,태전동,144
서울,용산구,이태원동,144
인천,강화군,하점면,144
경기,부천시,심곡본동,144
광주,북구,매곡동,144
경남,창원시,가음동,143
충북,음성군,감곡면,143
인천,서구,가정2동,143
경남,거제시,옥포1동,143
대구,달서구,용산2동,143
인천,강화군,불은면,143
경북,문경시,모전동,143
경기,과천시,부림동,142
서울,성북구,동소문동4가,142
서울,서대문구,홍제4동,142
경기,남양주시,별내면,142
경남,하동군,화개면,142
경북,안동시,운안동,142
인천,남구,용현동,142
인천,강화군,삼산면,142
전남,여수시,국동,142
경남,창녕군,남지읍,142
서울,종로구,창성동,142
강원,정선군,고한읍,142
경기,성남시,상대원1동,141
서울,강동구,성내3동,141
서울,양천구,목2동,141
경기,광주시,퇴촌면,140
경기,고양시,구산동,140
경기,부천시,심곡3동,140
경기,안성시,죽산면,139
부산,연제구,거제1동,139
서울,강동구,암사3동,139
인천,남동구,간석1동,139
서울,송파구,가락본동,139
충남,천안시,청수동,139
경북,울진군,울진읍,139
경기,안산시,선부1동,138
서울,서대문구,북아현1동,138
경기,안성시,일죽면,138
충남,당진군,정미면,138
인천,남동구,구월동,137
부산,북구,화명동,137
인천,남구,주안5동,136
인천,남구,학익동,136
경기,군포시,수리동,135
대구,서구,내당동,135
서울,성북구,삼선동3가,135
경기,부천시,삼정동,135
서울,관악구,신림1동,135
경기,부천시,소사본3동,135
충남,아산시,배방면,135
경기,포천시,가산면,135
충남,서산시,부석면,135
경남,마산시,월포동,134
서울,강남구,수서동,134
서울,금천구,시흥본동,134
경북,영덕군,영덕읍,134
인천,남동구,간석2동,134
부산,서구,서대신동3가,134
서울,영등포구,신길4동,134
서울,강북구,번동,133
대전,유성구,신성동,133
서울,서대문구,홍제동,133
전북,정읍시,태인면,133
경기,수원시,고등동,133
전남,여수시,고소동,133
경북,영주시,상망동,133
경기,광명시,철산1동,133
대전,유성구,관평동,133
서울,구로구,구로동,133
서울,동작구,상도1동,132
제주,제주시,오등동,132
광주,남구,주월동,132
서울,송파구,송파2동,131
충북,청주시,모충동,131
서울,용산구,원효로2가,131
경기,동두천시,보산동,131
광주,광산구,운남동,130
서울,서초구,반포2동,130
대구,동구,신천4동,130
경기,하남시,창우동,130
경기,시흥시,매화동,130
경남,진주시,초전동,130
전남,구례군,구례읍,130
대구,동구,지저동,130
전남,강진군,강진읍,130
대구,남구,봉덕3동,130
경남,거제시,옥포2동,129
인천,남구,주안8동,129
광주,서구,쌍촌동,129
경기,안양시,평안동,129
인천,남구,용현1동,129
인천,연수구,연수1동,129
경기,안양시,비산2동,128
부산,부산진구,당감4동,128
경기,의정부시,호원2동,128
울산,동구,전하1동,128
경기,오산시,궐동,128
충북,청주시,복대동,128
부산,사하구,하단1동,128
서울,은평구,진관외동,128
전북,군산시,경장동,127
대구,북구,고성동1가,127
경남,밀양시,삼문동,127
대전,중구,태평2동,127
경남,창원시,대원동,127
대구,달서구,상인동,127
경북,경산시,중산동,127
서울,송파구,잠실7동,126
충남,공주시,장기면,126
대구,북구,구암동,126
전북,진안군,진안읍,126
경기,수원시,서둔동,126
경북,영주시,풍기읍,126
부산,사상구,학장동,126
경기,부천시,원종동,126
전남,순천시,가곡동,126
강원,원주시,관설동,125
충북,영동군,281-14,125
충북,단양군,매포읍,125
경기,안양시,안양9동,125
서울,성북구,길음2동,125
서울,동대문구,전농3동,125
경기,안양시,비산1동,125
대구,북구,침산3동,125
경북,포항시,해도1동,125
서울,서대문구,충정로3가,124
충남,공주시,봉황동,124
경기,성남시,신흥2동,124
경기,안양시,관양1동,124
경기,수원시,영화동,124
부산,남구,문현1동,124
서울,영등포구,양평동3가,124
충북,충주시,호암동,124
전북,순창군,순창읍,124
인천,연수구,동춘2동,123
충북,청주시,사직동,123
서울,도봉구,방학2동,123
경기,화성시,매송면,123
전남,장흥군,장흥읍,123
서울,도봉구,방학1동,123
경남,마산시,구암1동,123
경기,의정부시,민락동,123
서울,관악구,신림10동,123
서울,강동구,길2동,123
전북,전주시,중화산동1가,123
경기,용인시,고림동,123
전남,광양시,중동,122
경기,군포시,금정동,122
서울,영등포구,당산동6가,122
강원,고성군,거진읍,122
서울,동대문구,제기1동,122
대구,남구,대명3동,122
인천,남구,숭의1동,122
경기,안양시,안양6동,122
경기,수원시,망포동,122
서울,중구,회현동1가,121
부산,강서구,대저1동,121
충남,홍성군,홍북면,121
충북,보은군,마로면,121
전남,여수시,봉계동,120
경기,양주시,광사동,120
부산,부산진구,양정1동,120
경기,안양시,안양1동,120
경기,여주군,여주읍,120
대전,서구,만년동,120
서울,송파구,마천동,120
서울,은평구,신사2동,120
제주,북제주군,한림읍,120
경기,포천시,영북면,119
경기,파주시,파평면,119
울산,남구,옥동,119
충남,서산시,석림동,119
경기,연천군,백학면,119
충북,음성군,금왕읍,119
서울,종로구,교북동,119
경기,남양주시,가운동,118
충북,청원군,강외면,118
경북,포항시,상도동,118
경기,양주시,남면,118
경기,의왕시,청계동,118
울산,남구,신정3동,118
서울,강동구,성내2동,118
경기,시흥시,논곡동,117
충북,음성군,대소면,117
경남,진주시,상대2동,117
서울,성북구,보문동6가,117
경북,영덕군,지품면,117
전남,신안군,도초면,117
서울,강남구,논현2동,116
경기,수원시,곡반정동,116
서울,마포구,성산동,116
경기,과천시,과천동,116
충북,청원군,오창면,116
서울,광진구,자양1동,116
서울,서대문구,대현동,116
제주,제주시,도련1동,116
경남,창원시,대방동,116
경북,영덕군,축산면,116
경남,남해군,고현면,116
울산,중구,동동,115
대구,수성구,만촌1동,115
강원,인제군,북면,115
인천,서구,가정1동,115
대전,서구,복수동,115
서울,중랑구,면목4동,115
서울,구로구,구로2동,115
충남,서산시,팔봉면,115
충북,청주시,수곡2동,115
경기,광주시,쌍령동,115
충북,청원군,문의면,115
강원,삼척시,남양동,115
대구,동구,효목1동,114
경기,용인시,포곡면,114
서울,중랑구,면목1동,114
부산,사상구,모라2동,114
전남,해남군,북평면,114
경남,김해시,외동,113
강원,양양군,양양읍,113
서울,강동구,천호2동,113
경기,안산시,월피동,113
서울,강동구,상일동,113
경기,용인시,신봉동,113
충남,천안시,성정2동,113
충남,서산시,읍내동,113
경남,마산시,회원1동,112
경북,청송군,현서면,112
부산,수영구,광안2동,112
경기,고양시,덕은동,112
경기,연천군,청산면,112
서울,구로구,가리봉1동,112
충남,천안시,쌍용동,112
경기,오산시,부산동,112
경기,광주시,초월읍,112
충남,천안시,풍세면,112
서울,광진구,자양동,111
경북,상주시,낙동면,111
서울,성동구,옥수2동,111
서울,강동구,천호3동,111
인천,강화군,화도면,111
인천,연수구,연수2동,110
경기,과천시,문원동,110
서울,용산구,후암동,110
부산,사하구,당리동,110
부산,남구,대연5동,110
대구,동구,율하동,109
경기,화성시,능동,109
전북,완주군,봉동읍,109
경북,경주시,동방동,109
경남,통영시,정량동,109
인천,서구,가좌4동,109
대구,동구,신암2동,109
충북,청주시,율량동,109
서울,종로구,명륜동1가,109
충북,옥천군,이원면,109
서울,노원구,공릉2동,108
충남,연기군,금남면,108
서울,강남구,개포1동,108
대구,달서구,성당1동,108
대구,북구,산격1동,108
경남,거제시,옥포동,108
전북,순창군,금과면,108
대전,유성구,장대동,108
서울,종로구,창신2동,108
부산,해운대구,반여동,108
서울,강서구,내발산2동,107
경남,진주시,진성면,107
대구,달서구,성당동,107
전북,남원시,금동,107
인천,서구,가좌1동,107
충북,충주시,용산동,107
경북,상주시,낙양동,107
경기,군포시,광정동,107
전남,영광군,영광읍,106
전북,전주시,송천동2가,106
경기,성남시,단대동,106
전남,광양시,진상면,106
경남,진주시,이현동,106
충남,공주시,사곡면,106
경남,진주시,금산면,106
전남,고흥군,봉래면,106
부산,기장군,일광면,105
광주,남구,월산4동,105
인천,남동구,간석동,105
서울,마포구,아현1동,105
경기,광명시,하안1동,105
부산,연제구,거제4동,105
경북,경주시,현곡면,105
경기,부천시,원종2동,104
충북,청주시,봉명2동,104
인천,부평구,부평5동,104
경기,부천시,상3동,104
경북,영주시,휴천2동,104
서울,서대문구,홍제1동,104
서울,은평구,역촌2동,104
강원,춘천시,근화동,104
경기,포천시,창수면,104
울산,동구,일산동,104
서울,중랑구,면목동,104
서울,마포구,성산2동,104
서울,동대문구,답십리2동,104
충남,금산군,금산읍,103
경남,진해시,제황산동,103
충북,충주시,앙성면,103
경기,여주군,대신면,103
부산,연제구,거제2동,103
서울,관악구,신림12동,103
서울,구로구,구로1동,103
전남,무안군,청계면,103
경남,마산시,석전1동,103
경남,함안군,칠원면,103
인천,남동구,만수5동,103
경기,이천시,마장면,103
경기,광명시,광명6동,103
대구,수성구,파동,103
대전,서구,괴정동,102
서울,동대문구,장안4동,102
인천,남동구,만수2동,102
서울,성동구,하왕십리2동,102
경기,김포시,고촌읍,102
서울,강북구,번3동,102
서울,구로구,고척동,102
경남,통영시,광도면,102
강원,강릉시,주문진읍,101
부산,해운대구,반여1동,101
서울,마포구,성산1동,101
충남,태안군,근흥면,101
전북,전주시,덕진동2가,101
대전,유성구,궁동,101
경기,오산시,원동,101
경기,오산시,은계동,101
서울,관악구,신림2동,101
충북,청주시,개신동,101
경기,하남시,신장동,101
서울,용산구,원효로4가,101
경기,부천시,원미동,101
경기,화성시,서신면,101
경남,함양군,안의면,101
서울,성동구,금호동1가,101
충북,청주시,봉명1동,101
경북,구미시,형곡동,100
서울,종로구,행촌동,100
경기,의정부시,용현동,100
전북,군산시,수송동,100
서울,종로구,옥인동,100
경북,구미시,구평동,100
경북,구미시,해평면,100
대구,서구,평리1동,99
광주,서구,화정4동,99
경남,양산시,남부동,99
경기,용인시,영덕동,99
경남,마산시,구암2동,99
울산,남구,무거동,99
경남,마산시,양덕1동,99
경기,오산시,갈곶동,99
충남,당진군,석문면,99
충북,청원군,미원면,99
전북,익산시,금마면,98
서울,노원구,월계3동,98
서울,마포구,연남동,98
경북,김천시,부곡동,98
전북,군산시,문화동,98
경남,통영시,봉평동,98
충남,부여군,내산면,98
서울,용산구,갈월동,98
대구,달서구,이곡2동,98
충남,아산시,풍기동,98
경북,경산시,하양읍,98
서울,강남구,압구정1동,98
대전,서구,도마2동,98
충북,제천시,하소동,97
서울,강북구,수유6동,97
부산,수영구,수영동,97
경남,마산시,자산동,97
충남,공주시,우성면,97
서울,송파구,송파1동,97
대전,중구,문화1동,97
대전,서구,내동,97
서울,중랑구,신내1동,97
경기,시흥시,도창동,97
경기,의정부시,의정부1동,97
경기,수원시,인계동,96
광주,북구,일곡동,96
경북,영양군,석보면,96
충북,충주시,교현동,96
충남,천안시,원성동,96
충북,충주시,안림동,96
경북,김천시,황금동,96
부산,북구,덕천3동,96
경기,화성시,비봉면,95
부산,금정구,장전3동,95
충북,청원군,현도면,95
경기,의정부시,산곡동,95
전남,해남군,해남읍,95
경북,경산시,정평동,95
울산,남구,무거2동,95
충남,천안시,안서동,94
전남,영광군,법성면,94
서울,용산구,용문동,94
충남,논산시,양촌면,94
대전,대덕구,비래동,94
부산,동래구,낙민동,94
서울,용산구,용산동5가,94
강원,강릉시,강동면,94
경남,김해시,전하동,94
강원,춘천시,소양로2가,94
경기,용인시,이동면,94
부산,서구,동대신동1가,93
경기,안양시,안양4동,93
경남,고성군,회화면,93
대전,유성구,송강동,93
전남,신안군,비금면,93
인천,남동구,구월1동,93
충북,청원군,강내면,93
경북,안동시,길안면,93
충남,서천군,마서면,93
경남,산청군,산청읍,92
제주,제주시,삼도2동,92
부산,부산진구,개금3동,92
전북,익산시,마동,92
경기,평택시,신장동,92
전북,전주시,평화동1가,92
서울,송파구,풍납2동,92
충북,청주시,송절동,92
경북,경주시,안강읍,91
서울,성북구,동소문동3가,91
대전,중구,태평1동,91
경기,과천시,원문동,91
강원,평창군,평창읍,91
경남,밀양시,삼랑진읍,91
부산,사상구,주례1동,91
전북,장수군,장계면,91
광주,서구,금호동,91
강원,춘천시,퇴계동,91
충남,논산시,부창동,91
서울,동대문구,용두2동,91
경북,영주시,휴천1동,90
경남,통영시,북신동,90
충북,청원군,남일면,90
충남,당진군,고대면,90
충남,서천군,서면,90
충남,연기군,전의면,90
경기,수원시,매탄동,90
강원,원주시,명륜2동,90
경기,포천시,이동면,89
경기,성남시,운중동,89
경남,사천시,향촌동,89
서울,송파구,잠실6동,89
전남,보성군,회천면,89
경북,포항시,덕수동,89
충북,괴산군,괴산읍,89
경기,안산시,팔곡이동,88
전남,무안군,현경면,88
서울,금천구,시흥2동,88
충남,서천군,화양면,88
인천,중구,신흥동2가,88
전남,순천시,해룡면,88
충남,천안시,병천면,88
충남,천안시,유량동,88
강원,철원군,갈말읍,88
서울,은평구,진관내동,88
충남,아산시,용화동,87
강원,양양군,강현면,87
대구,달서구,감삼동,87
서울,성북구,장위1동,87
경기,부천시,심곡1동,87
경북,구미시,봉곡동,87
부산,남구,대연4동,87
서울,광진구,노유2동,87
충북,괴산군,사리면,87
경기,고양시,관산동,87
충북,청주시,장성동,87
충북,청주시,신봉동,87
울산,동구,전하3동,86
경기,용인시,풍덕천2동,86
충남,아산시,둔포면,86
경기,부천시,원종1동,86
경남,하동군,옥종면,86
대구,중구,남산4동,86
인천,계양구,용종동,86
경기,군포시,궁내동,86
대구,달서구,진천동,86
경기,과천시,갈현동,86
인천,동구,창영동,86
서울,성북구,장위3동,86
경기,수원시,매탄1동,86
인천,강화군,송해면,86
강원,태백시,삼수동,85
경북,예천군,풍양면,85
서울,광진구,자양3동,85
경북,포항시,우현동,85
제주,북제주군,애월읍,85
서울,노원구,상계3동,85
경기,고양시,신원동,85
경기,포천시,선단동,85
서울,강남구,대치4동,85
서울,성동구,상왕십리동,85
경기도,고양시,일산서구,85
서울,종로구,신영동,85
인천,남구,숭의3동,85
경남,거창군,가북면,85
서울,구로구,고척1동,85
전남,여수시,둔덕동,84
서울,중랑구,망우1동,84
경남,하동군,하동읍,84
전남,목포시,상동,84
경기,안성시,숭인동,84
대구,서구,비산7동,84
서울,영등포구,영등포동8가,84
경기,성남시,갈현동,84
충북,괴산군,청천면,84
경기,안양시,안양8동,84
전남,담양군,봉산면,84
경기,광명시,하안3동,83
전남,고흥군,풍양면,83
부산,사상구,덕포1동,83
서울,중랑구,중화2동,83
충남,아산시,탕정면,83
대전,서구,삼천동,83
충북,괴산군,칠성면,83
경북,상주시,함창읍,83
경북,군위군,의흥면,83
전북,전주시,남노송동,83
제주,제주시,용담3동,83
서울,동작구,상도5동,83
경남,김해시,삼정동,83
경기,화성시,향남면,83
서울,중랑구,면목5동,83
경남,진주시,강남동,83
강원,강릉시,입암동,83
전남,여수시,화양면,83
서울,동작구,상도3동,83
전북,전주시,인후동2가,82
경기,의정부시,장암동,82
부산,금정구,부곡동,82
전남,여수시,안산동,82
경남,양산시,동면,82
전남,여수시,광무동,82
경기,수원시,화서1동,82
경기,성남시,분당동,82
경기,수원시,천천동,82
강원,강릉시,송정동,82
서울,성북구,안암동1가,82
전북,남원시,송동면,82
경북,안동시,풍천면,82
강원,춘천시,효자동,82
부산,사하구,괴정4동,82
서울,용산구,도원동,82
대구,서구,평리4동,82
서울,중구,신당동,82
경기,수원시,매탄2동,82
경남,거제시,일운면,82
대전,유성구,구암동,82
경기,여주군,점동면,82
경북,의성군,구천면,81
충북,충주시,금능동,81
전남,나주시,문평면,81
서울,성동구,도선동,81
전남,나주시,다도면,81
충남,공주시,반포면,81
경북,칠곡군,지천면,81
광주,남구,서동,81
서울,영등포구,신길1동,81
광주,남구,주월1동,81
서울,영등포구,도림2동,81
서울,서대문구,남가좌1동,81
강원,횡성군,횡성읍,81
전북,익산시,춘포면,81
인천,강화군,내가면,81
서울,동작구,흑석2동,81
경북,경산시,중방동,81
대구,달서구,대곡동,81
대전,유성구,지족동,81
강원,강릉시,교1동,81
충남,천안시,목천읍,81
서울,광진구,중곡3동,81
인천,동구,화평동,81
경기,과천시,별양동,81
울산,남구,신정5동,81
충남,서천군,종천면,81
경기,안산시,건건동,81
경북,김천시,응명동,81
충남,예산군,고덕면,81
경기,수원시,세류2동,80
경기,화성시,장안면,80
경남,마산시,교방동,80
대전,동구,삼성1동,80
전남,완도군,금일읍,80
충남,아산시,득산동,80
경기,부천시,상2동,80
전북,남원시,인월면,80
서울,노원구,상계10동,80
전북,전주시,고랑동,80
서울,노원구,상계4동,80
부산,남구,문현3동,80
서울,송파구,잠실5동,80
충남,천안시,성황동,80
경북,포항시,대흥동,80
대전,유성구,원내동,80
강원,동해시,부곡동,80
광주,서구,농성1동,80
강원,강릉시,성내동,80
제주,제주시,이도1동,80
서울,관악구,신림6동,80
경북,문경시,점촌동,80
경기,시흥시,방산동,80
울산,중구,북정동,80
부산,사하구,신평1동,79
경기,안산시,신길동,79
대구,동구,신서동,79
강원,평창군,대화면,79
경기,군포시,재궁동,79
전북,군산시,소룡동,79
서울,영등포구,대림1동,79
전남,함평군,손불면,79
대구,달성군,가창면,79
충북,영동군,양강면,79
서울,서초구,우면동,79
서울,노원구,상계5동,79
충남,아산시,송악면,79
부산,남구,우암동,79
경남,함안군,군북면,79
전남,영암군,삼호읍,79
광주,북구,신안동,79
충북,증평군,증평읍,79
전남,목포시,산정3동,79
인천,계양구,작전1동,79
대전,서구,둔산1동,79
인천,중구,답동,79
경기,남양주시,도농동,79
충남,논산시,부적면,78
서울,동대문구,답십리동,78
광주,광산구,우산동,78
울산,동구,서부동,78
경기,성남시,금광1동,78
경북,문경시,흥덕동,78
부산,영도구,대평동1가,78
서울,광진구,중곡4동,78
충남,서천군,시초면,78
전남,담양군,담양읍,78
울산,남구,신정1동,78
충남,공주시,이인면,78
인천,중구,중산동,78
경기,동두천시,탑동,78
전북,남원시,조산동,78
경기,성남시,은행1동,78
전북,익산시,용안면,78
경북,청송군,파천면,77
경남,하동군,양보면,77
충남,천안시,직산읍,77
서울,중구,황학동,77
서울,은평구,갈현1동,77
경북,구미시,공단동,77
서울,노원구,상계6동,77
울산,북구,상안동,77
서울,금천구,시흥3동,77
경북,포항시,동해면,77
충남,예산군,신암면,77
충남,논산시,광석면,77
충남,논산시,강경읍,77
경북,상주시,공검면,77
경남,양산시,삼호동,77
경북,안동시,북후면,77
강원,춘천시,우두동,77
충남,태안군,남면,77
대구,달성군,다사읍,77
경기,수원시,오목천동,77
충북,청주시,상신동,77
경기,성남시,금광동,77
부산,남구,우암1동,77
부산,사상구,주례3동,77
충북,청주시,내덕2동,77
대전,중구,산성동,76
서울,서대문구,홍은2동,76
경북,울진군,후포면,76
경북,예천군,하리면,76
서울,성동구,성수2가3동,76
서울,양천구,신월동,76
서울,도봉구,창5동,76
서울,금천구,가산동,76
서울,성북구,석관1동,76
강원,횡성군,안흥면,76
경북,문경시,가은읍,75
경기,안성시,미양면,75
광주,서구,상무2동,75
충남,천안시,수신면,75
경북,영주시,영주2동,75
충북,청주시,내덕1동,75
경기,안성시,고삼면,75
대전,동구,대2동,75
충남,당진군,송산면,75
대전,서구,도마1동,75
충북,단양군,단양읍,75
인천,중구,북성동1가,75
충북,청원군,오창읍,75
경남,김해시,삼계동,75
부산,해운대구,재송동,74
부산,동래구,명장2동,74
경남,창녕군,영산면,74
경기,평택시,오성면,74
서울,강남구,청담2동,74
강원,원주시,단계동,74
서울,성동구,송정동,74
전남,완도군,약산면,74
경기,용인시,원삼면,74
서울,송파구,잠실2동,74
충북,제천시,고암동,74
강원,양양군,현남면,74
강원,양구군,양구읍,74
부산,동래구,복천동,73
경남,진해시,경화동,73
대구,북구,관음동,73
경기,양평군,양서면,73
전북,김제시,진봉면,73
충남,서산시,성연면,73
강원,속초시,청호동,73
광주,서구,풍암동,73
서울,서대문구,합동,73
전남,영암군,영암읍,73
경기,연천군,신서면,72
대구,남구,대명10동,72
서울,마포구,아현2동,72
대구,달서구,파호동,72
경기,구리시,토평동,72
충남,청양군,화성면,72
전남,순천시,조곡동,72
충북,청주시,성화동,72
경북,김천시,농소면,72
경북,상주시,이안면,72
충북,보은군,보은읍,72
경기도,김포시,마산동,71
부산,사하구,감천1동,71
서울,용산구,원효로3가,71
대구,수성구,범물2동,71
경기,안성시,대덕면,71
부산,부산진구,연지동,71
인천,부평구,부평4동,71
충북,청원군,부용면,71
경북,경주시,산내면,71
인천,부평구,부평3동,71
경기,여주군,가남면,71
경북,상주시,무양동,71
서울,노원구,상계2동,71
부산,사상구,주례동,71
경북,의성군,다인면,70
울산,중구,서동,70
광주,북구,두암2동,70
경북,상주시,사벌면,70
강원,원주시,호저면,70
울산,북구,연암동,70
전북,전주시,평화동2가,70
서울,성북구,안암동3가,70
경기,안성시,도기동,70
경남,사천시,정동면,70
대구,달서구,송현2동,70
강원,양양군,손양면,69
강원,춘천시,남면,69
강원,고성군,현내면,69
충남,보령시,웅천읍,69
경북,의성군,금성면,69
전남,해남군,산이면,69
서울,서초구,방배1동,69
경남,거제시,사등면,69
전북,김제시,공덕면,69
경기,광주시,탄벌동,69
경북,포항시,항구동,69
경기,안산시,선감동,69
서울,광진구,능동,68
전북,김제시,금산면,68
부산,연제구,연산7동,68
대구,달성군,하빈면,68
부산,사하구,신평2동,68
광주,동구,산수1동,68
강원,인제군,인제읍,68
서울,종로구,명륜동4가,68
충북,옥천군,옥천읍,67
전남,순천시,매곡동,67
서울,노원구,중계본동,67
충북,청주시,금천동,67
부산,연제구,연산8동,67
경남,밀양시,산외면,67
서울,강서구,화곡5동,67
서울,중구,신당4동,67
경기,포천시,설운동,67
강원,홍천군,화촌면,67
서울,구로구,가리봉동,67
서울,성동구,사근동,67
대전,유성구,봉명동,67
경남,함양군,서상면,67
경남,통영시,미수2동,67
서울,강북구,미아7동,67
서울,서대문구,현저동,67
부산,강서구,녹산동,66
경기,안산시,본오2동,66
부산,동래구,온천3동,66
서울,서대문구,영천동,66
대구,달서구,상인1동,66
서울,강서구,외발산동,66
경기,양주시,회암동,66
경북,울진군,근남면,66
서울,도봉구,도봉동,66
대구,수성구,수성동4가,66
충북,제천시,한수면,66
대구,북구,칠성동2가,66
부산,사하구,다대2동,66
경북,영천시,망정동,66
서울,송파구,문정2동,65
경기,의왕시,내손동,65
서울,성북구,종암2동,65
서울,용산구,이촌2동,65
충남,홍성군,갈산면,65
강원,인제군,서화면,65
경기,하남시,하사창동,65
전북,진안군,용담면,65
부산,사하구,괴정2동,65
울산,울주군,삼남면,65
광주,북구,문흥2동,65
서울,성북구,성북2동,65
경남,함안군,가야읍,65
경남,진해시,풍호동,65
대전,동구,원동,65
경기,고양시,정발산동,65
인천,계양구,장기동,65
경기,수원시,입북동,65
충북,옥천군,군북면,65
강원,춘천시,칠전동,65
대구,북구,동변동,65
경북,영덕군,영해면,64
서울,양천구,신월6동,64
울산,북구,양정동,64
경기,의왕시,고천동,64
충남,청양군,장평면,64
인천,남동구,서창동,64
충남,금산군,금성면,64
강원,강릉시,홍제동,64
전북,부안군,하서면,64
경북,청송군,현동면,64
대구,남구,대명1동,64
대구,북구,태전동,64
충남,아산시,신창면,64
전북,군산시,서수면,64
경북,울진군,죽변면,64
경기,수원시,화서동,64
서울,도봉구,쌍문3동,64
울산,중구,성남동,64
서울,중랑구,신내2동,64
전북,임실군,임실읍,64
경기,평택시,고덕면,64
경기,수원시,화서2동,64
경기,가평군,청평면,64
부산,부산진구,범천1동,64
서울,중랑구,중화1동,63
전남,진도군,진도읍,63
경기,포천시,일동면,63
경북,경주시,건천읍,63
제주,제주시,이도동,63
경남,진주시,가좌동,63
대구,서구,비산4동,63
광주,북구,운암2동,63
강원,동해시,발한동,63
서울,종로구,효제동,63
대구,달서구,송현1동,63
전북,군산시,선양동,63
충남,서산시,운산면,63
경기,평택시,소사동,63
광주,서구,화정1동,63
경기,하남시,감이동,63
강원,춘천시,온의동,63
부산,남구,감만동,63
서울,강동구,고덕2동,63
전북,정읍시,고부면,63
경북,포항시,구룡포읍,63
충남,천안시,사직동,63
인천,남동구,논현동,63
인천,남동구,간석3동,63
서울,광진구,군자동,63
서울,관악구,신림13동,63
경기,양평군,지제면,63
서울,관악구,봉천8동,63
부산,남구,대연3동,63
경남,거제시,고현동,62
서울,강서구,화곡2동,62
경북,포항시,이동,62
충남,당진군,신평면,62
서울,성북구,정릉4동,62
서울,금천구,독산본동,62
경북,포항시,학산동,62
경기,수원시,파장동,62
경북,경주시,감포읍,62
제주,제주시,건입동,62
충남,논산시,취암동,62
강원,철원군,철원읍,62
경남,통영시,미수1동,62
전북,전주시,진북2동,62
경기,양주시,고읍동,62
전남,목포시,죽동,62
강원,강릉시,교동,62
강원,속초시,청학동,62
경북,문경시,마성면,62
충북,영동군,영동읍,61
서울,강북구,수유3동,61
전남,여수시,학동,61
부산,남구,용호3동,61
경기,부천시,고강본동,61
서울,관악구,봉천4동,61
대구,북구,산격3동,61
경기,안양시,신촌동,61
제주,제주시,봉개동,61
서울,영등포구,영등포동3가,61
부산,해운대구,반송2동,61
대구,북구,산격4동,61
충남,예산군,응봉면,61
대구,달서구,죽전동,61
경남,사천시,사천읍,61
전북,완주군,구이면,61
경기,안산시,본오3동,61
경북,김천시,어모면,61
경북,포항시,장성동,61
울산,북구,신천동,61
부산,동래구,온천2동,60
전남,완도군,소안면,60
충남,공주시,신풍면,60
부산,사하구,장림2동,60
강원,정선군,북평면,60
경북,경산시,남천면,60
경기,성남시,하대원동,60
경북,포항시,학잠동,60
전북,완주군,상관면,60
서울,강동구,명일1동,60
경기,부천시,중4동,60
충남,공주시,중동,60
서울,마포구,용강동,60
서울,성동구,행당1동,60
경북,포항시,오천읍,60
전남,여수시,연등동,60
대구,서구,평리동,60
전남,해남군,문내면,60
경기,양평군,용문면,60
경북,청도군,청도읍,60
서울,강남구,대치2동,60
경기,성남시,신흥동,60
인천,옹진군,영흥면,60
서울,서대문구,북아현2동,60
서울,종로구,NULL,60
충북,충주시,소태면,60
전남,무안군,몽탄면,59
서울,용산구,보광동,59
전남,무안군,해제면,59
부산,수영구,광안1동,59
제주,서귀포시,토평동,59
대구,북구,침산동,59
인천,남동구,남촌동,59
충북,옥천군,안남면,59
충남,보령시,신흑동,59
대구,달서구,용산동,59
서울,중랑구,면목3동,59
서울,도봉구,쌍문4동,59
충남,천안시,쌍용2동,59
경기,이천시,부발읍,58
전남,순천시,석현동,58
전남,여수시,수정동,58
경북,포항시,환호동,58
부산,동래구,사직3동,58
경북,포항시,청림동,58
전북,정읍시,북면,58
전북,정읍시,감곡면,58
서울,강남구,포이동,58
강원,평창군,방림면,58
서울,강동구,하일동,58
부산,수영구,광안동,58
경기,광명시,하안4동,58
충남,공주시,옥룡동,58
경기,이천시,모가면,58
부산,북구,구포2동,58
부산,동구,수정1동,58
전북,김제시,만경읍,58
대구,서구,내당2.3동,58
강원,정선군,정선읍,58
경북,청도군,금천면,57
경기,안양시,안양7동,57
전북,김제시,광활면,57
강원,고성군,토성면,57
부산,서구,서대신동2가,57
경기,구리시,갈매동,57
전남,여수시,돌산읍,57
충남,공주시,의당면,57
서울,관악구,봉천11동,57
전북,전주시,우아동1가,57
전북,군산시,장재동,57
경기,하남시,덕풍2동,56
경기,용인시,양지면,56
충남,당진군,순성면,56
경기,화성시,신남동,56
대구,수성구,시지동,56
서울,강동구,암사2동,56
충북,청주시,사직2동,56
경남,김해시,한림면,56
부산,부산진구,당감3동,56
경북,구미시,진평동,56
경남,양산시,명곡동,55
충남,부여군,양화면,55
충북,진천군,진천읍,55
강원,삼척시,정상동,55
경기,평택시,안중읍,55
인천,남구,용현3동,55
경기,용인시,남사면,55
서울,종로구,교남동,55
충북,영동군,학산면,54
충북,충주시,용관동,54
충북,청주시,죽림동,54
부산,사하구,괴정3동,54
경북,경산시,자인면,54
충북,청주시,대성동,54
광주,북구,우산동,54
강원,홍천군,서석면,54
경기,가평군,상면,53
광주,서구,화정2동,53
강원,인제군,상남면,53
서울,금천구,시흥1동,53
서울,송파구,거여2동,53
전남,무안군,일로읍,53
경기,수원시,매산로2가,53
전북,남원시,보절면,53
경북,울릉군,울릉읍,52
강원,삼척시,성북동,51
경기,부천시,심곡본1동,51
서울,동대문구,휘경1동,51
부산,북구,만덕1동,51
경남,창녕군,창녕읍,51
강원,홍천군,내촌면,50
경남,마산시,중앙동3가,50
경북,영천시,금호읍,50
부산,사상구,덕포동,50
경기,포천시,신북면,50
서울,서대문구,창천동,50
강원,원주시,평원동,50
부산,서구,남부민동,50
충남,홍성군,구항면,50
서울,중구,을지로6가,50
울산,남구,야음1동,50
경남,진주시,옥봉동,50
전남,화순군,도곡면,49
광주,남구,양림동,49
강원,원주시,부론면,49
부산,동구,수정4동,49
부산,금정구,장전1동,49
서울,종로구,명륜동3가,49
경기,구리시,수택2동,49
충북,청주시,우암동,49
전북,익산시,삼기면,49
전북,정읍시,구룡동,48
부산,해운대구,송정동,48
경북,구미시,도량1동,48
전북,익산시,중앙동,48
경남,진주시,주약동,48
전북,전주시,서신동,48
충남,천안시,용곡동,48
인천,남동구,도림동,48
대전,동구,인동,48
경남,김해시,어방동,48
강원,원주시,명륜1동,48
부산,동래구,사직1동,48
대구,동구,신천1.2동,48
충남,홍성군,서부면,48
충남,서산시,인지면,48
전남,영광군,군남면,48
부산,서구,초장동,48
대구,중구,북내동,48
충남,천안시,불당동,48
제주,남제주군,성산읍,48
부산,동구,초량2동,48
부산,영도구,청학2동,48
경북,영주시,이산면,48
경북,상주시,복룡동,48
충남,보령시,청소면,48
경남,의령군,의령읍,47
대구,북구,도남동,47
부산,기장군,정관면,47
전남,순천시,승주읍,47
제주,남제주군,표선면,47
충북,충주시,주덕읍,47
충남,천안시,신방동,47
경북,고령군,고령읍,47
제주,제주시,해안동,47
충남,홍성군,은하면,47
부산,동래구,사직2동,47
울산,북구,중산동,47
전남,완도군,청산면,47
서울,용산구,남영동,47
경북,구미시,부곡동,47
대전,동구,세천동,47
대전,동구,삼성동,47
대구,수성구,상동,47
강원,강릉시,초당동,47
전북,고창군,대산면,47
충북,충주시,목벌동,47
인천,남동구,고잔동,46
경북,상주시,외남면,46
서울,송파구,방이1동,46
서울,마포구,구수동,46
서울,강남구,역삼1동,46
경기,용인시,동백동,46
울산,동구,주전동,46
경남,마산시,회성동,46
대전,서구,정림동,46
전북,남원시,금지면,46
울산,중구,약사동,46
경기,광명시,옥길동,46
서울,종로구,원남동,46
경남,마산시,홍문동,46
부산,금정구,부곡4동,46
광주,광산구,월곡1동,46
경기,화성시,무송동,45
전남,보성군,벌교읍,45
전북,정읍시,소성면,45
경기,이천시,장호원읍,45
울산,남구,신정4동,45
전북,전주시,동서학동,45
경남,남해군,서면,45
인천,계양구,다남동,45
경기,용인시,백암면,45
전북,군산시,신풍동,45
서울,종로구,숭인2동,45
울산,울주군,언양읍,45
부산,사하구,다대1동,45
경북,영천시,화산면,45
충북,제천시,영천동,45
대구,수성구,지산2동,45
강원,인제군,기린면,45
서울,동대문구,회기동,45
대전,서구,가장동,45
부산,동래구,명륜2동,45
대구,수성구,범어4동,45
경북,문경시,농암면,45
서울,성북구,성북1동,45
서울,서대문구,연희1동,45
경남,창녕군,계성면,45
경남,진주시,인사동,45
경남,진주시,일반성면,45
부산,영도구,영선동,45
경북,포항시,청하면,45
광주,남구,월산2동,45
경남,합천군,초계면,45
강원,원주시,태장2동,44
경남,창원시,동읍,44
전남,목포시,대안동,44
강원,원주시,일산동,44
전북,고창군,해리면,44
대전,서구,도마동,44
강원,동해시,북평동,44
경기,부천시,원미2동,44
서울,중구,남대문로5가,44
전남,무안군,무안읍,44
경북,구미시,장천면,44
경남,거창군,가조면,44
서울,종로구,체부동,44
부산,부산진구,부암3동,44
경북,의성군,점곡면,44
경기,양주군,양주읍,44
전북,임실군,신덕면,44
경기,시흥시,미산동,44
경기,시흥시,포동,44
광주,광산구,동림동,44
충북,음성군,생극면,44
경북,경산시,옥곡동,44
경북,경산시,압량면,44
부산,해운대구,우2동,44
경북,구미시,구포동,44
강원,춘천시,남산면,44
경남,마산시,진동면,44
서울,중랑구,면목8동,44
서울,성북구,보문동1가,44
대구,수성구,황금1동,44
서울,중랑구,면목2동,44
경북,상주시,모서면,44
경남,마산시,창포동,44
제주,서귀포시,서호동,44
충남,예산군,신양면,44
대전,대덕구,덕암동,44
경남,마산시,신포동1가,44
전북,진안군,백운면,44
강원,강릉시,옥천동,44
대구,수성구,수성동3가,44
경기,평택시,현덕면,44
강원,횡성군,청일면,44
경북,군위군,군위읍,44
강원,정선군,임계면,44
충남,논산시,은진면,44
대구,남구,대명2동,44
충남,공주시,금흥동,43
대구,동구,미곡동,43
강원,평창군,봉평면,43
부산,연제구,연산1동,43
서울,동작구,사당4동,43
경남,함양군,병곡면,43
서울,강북구,미아8동,43
충남,당진군,면천면,43
울산,동구,전하2동,43
서울,서대문구,옥천동,43
경기,평택시,죽백동,43
경기,양평군,강상면,43
인천,부평구,산곡동,43
서울,서대문구,남가좌동,43
인천,서구,석남2동,43
제주,제주시,용담1동,43
대구,달서구,신당동,43
전남,장성군,남면,43
인천,남구,도화1동,43
대전,동구,용전동,43
서울,중구,쌍림동,43
서울,영등포구,영등포동4가,43
강원,태백시,황연동,43
서울,성동구,하왕십리1동,43
서울,영등포구,신길5동,43
강원,동해시,나안동,43
대구,남구,대명5동,43
전남,보성군,노동면,43
울산,중구,복산2동,43
경기,포천시,내촌면,43
전남,무안군,운남면,43
경남,창녕군,부곡면,43
경북,안동시,서후면,43
서울,관악구,성현동,43
대전,동구,효동,43
전북,순창군,적성면,43
경북,안동시,송현동,43
전북,완주군,삼례읍,43
전남,강진군,성전면,43
부산,강서구,명지동,43
경북,경주시,황오동,43
경기,포천군,포천읍,42
서울,노원구,하계1동,42
서울,중랑구,상봉동,42
울산,중구,반구1동,42
대구,동구,검사동,42
충북,괴산군,도안면,42
강원,원주시,개운동,42
서울,중구,오장동,42
경기,여주군,능서면,42
충남,연기군,서면,42
서울,강남구,청담1동,42
충남,아산시,영인면,42
강원,홍천군,서면,42
서울,동대문구,이문3동,42
서울,종로구,숭인동,42
충남,천안시,입장면,42
강원,태백시,금천동,42
대구,수성구,중동,42
충북,충주시,교현1동,42
서울,영등포구,문래동4가,42
광주,서구,양2동,42
경남,김해시,서상동,42
대전,유성구,하기동,42
경기,안성시,삼죽면,42
전남,담양군,월산면,42
경기,부천시,소사본2동,42
전북,김제시,죽산면,42
강원,삼척시,읍중동,42
경남,창원시,중앙동,42
전북,익산시,남중동,42
충북,청주시,용암1동,42
전남,신안군,하의면,42
대구,수성구,범물1동,42
전북,남원시,용정동,42
경남,밀양시,초동면,42
광주,남구,대지동,42
경기,남양주시,수동면,42
대구,달성군,구지면,42
전북,익산시,함열읍,42
광주,남구,방림2동,42
부산,사상구,감전동,42
부산,사상구,모라3동,42
광주,광산구,사호동,42
대구,달서구,두류2동,41
전북,군산시,대야면,41
전남,화순군,능주면,41
전북,정읍시,입암면,41
충북,청주시,수곡1동,41
전남,여수시,봉산동,41
충북,충주시,엄정면,41
전남,장성군,진원면,41
대구,중구,수동,41
대구,서구,평리5동,41
대구,중구,대신동,41
경기,안성시,영동,41
충북,청주시,강서동,41
광주,북구,중흥1동,41
부산,동구,초량1동,41
인천,동구,송림4동,41
서울,강남구,개포동,41
경북,포항시,죽도2동,41
광주,광산구,내산동,41
전북,익산시,함라면,41
부산,북구,구포1동,41
충남,아산시,좌부동,41
경북,예천군,유천면,41
경기,여주군,북내면,41
대전,유성구,추목동,41
인천,중구,송월동3가,41
부산,남구,우암2동,41
인천,중구,율목동,41
부산,기장군,철마면,41
경기,용인시,상현동,41
광주,동구,계림1동,41
경기,성남시,신흥1동,41
경기,성남시,상대원2동,41
부산,부산진구,가야3동,41
전북,군산시,개정동,41
충남,서천군,문산면,41
제주,제주시,영평동,41
경남,마산시,월영동,41
경북,경주시,석장동,41
강원,춘천시,교동,41
서울,서대문구,충정로2가,41
충남,공주시,정안면,41
경남,진해시,이동,41
강원,춘천시,후평동,41
서울,영등포구,양평동2가,41
경남,남해군,남해읍,41
경기도,파주시,문발동,41
경기,화성시,석우동,41
경남,밀양시,내이동,41
경북,고령군,개진면,41
대전,중구,정생동,40
경북,영양군,입암면,40
경북,예천군,용궁면,40
전남,목포시,중동,40
경남,마산시,월남동,40
대전,중구,목동,40
대전,중구,문화2동,40
광주,동구,금남로2가,40
경기,용인시,신갈동,40
경기,하남시,하산곡동,40
경북,영천시,성내동,40
경북,영천시,북안면,40
경남,마산시,오동동,40
전북,전주시,금암2동,40
전남,목포시,창평동,40
충남,논산시,강산동,40
서울,양천구,신정5동,40
경북,영주시,단산면,40
전남,목포시,석현동,40
전북,익산시,중앙동2가,40
전남,여수시,문수동,40
경북,청송군,부남면,40
전북,전주시,중노송동,40
서울,강남구,개포2동,40
서울,종로구,동숭동,40
강원,춘천시,동면,40
충북,청주시,복대1동,40
부산,중구,중앙동4가,40
경기,광주시,경안동,40
충북,영동군,상촌면,40
서울,마포구,도화1동,40
경남,진해시,제덕동,40
광주,북구,두암1동,40
전북,부안군,부안읍,40
경남,남해군,남면,40
서울,강동구,길1동,40
경기,양주군,회천읍,40
인천,동구,송림5동,40
전남,신안군,신의면,40
인천,중구,신생동,40
대전,동구,대성동,40
경남,김해시,동상동,40
전남,여수시,군자동,40
인천,동구,화수동,40
경남,창원시,남양동,40
부산,해운대구,좌3동,40
서울,서초구,반포1동,40
대구,동구,신천동,40
부산,부산진구,초읍동,40
부산,부산진구,전포1동,40
충남,계룡시,남선면,40
경북,김천시,덕곡동,40
전북,완주군,소양면,40
대구,북구,대현2동,40
전남,고흥군,동강면,40
경기,김포시,마산동,40
경남,밀양시,상남면,40
경기,이천시,설성면,40
광주,남구,월산1동,40
전남,화순군,동면,40
서울,성북구,하월곡2동,40
서울,송파구,거여1동,40
전북,군산시,대명동,40
충남,공주시,반죽동,40
대구,동구,신암1동,40
강원,횡성군,갑천면,40
경기,파주시,진동면,40
충북,진천군,백곡면,40
강원,속초시,조양동,40
경남,산청군,단성면,40
제주,서귀포시,남원읍,40
서울,중랑구,중화동,40
충북,충주시,동량면,40
충북,충주시,문화동,40
전남,완도군,고금면,40
충남,천안시,대흥동,40
경남,양산시,북부동,40
전북,장수군,장수읍,40
서울,중랑구,망우3동,40
부산,사상구,괘법동,40
전북,순창군,풍산면,40
전북,완주군,동상면,40
충북,제천시,봉양읍,40
전북,군산시,임피면,40
충남,천안시,삼룡동,40
경북,상주시,죽전동,40
경북,상주시,외서면,40
경기,안산시,사사동,39
경남,함안군,대산면,39
대전,중구,목달동,39
서울,용산구,효창동,39
광주,광산구,양동,39
전북,전주시,교동,39
서울,서초구,반포3동,39
부산,영도구,영선동4가,39
경남,고성군,상리면,39
경남,창원시,소답동,39
충북,옥천군,청산면,39
경남,창원시,천선동,39
경남,거창군,위천면,39
전남,광양시,광양읍,39
충북,청원군,내수읍,39
충남,부여군,석성면,39
서울,은평구,불광2동,39
경남,통영시,욕지면,39
충남,계룡시,두마면,39
경기,하남시,풍산동,39
경북,구미시,임은동,39
전남,나주시,영산동,39
전남,담양군,대덕면,39
경북,울진군,평해읍,39
서울,동대문구,전농4동,39
서울,관악구,난곡동,39
대구,중구,남산동,39
전북,김제시,명덕동,39
경기,용인시,유방동,39
광주,북구,중흥3동,39
경남,마산시,해운동,39
대구,수성구,범어1동,39
울산,중구,옥교동,39
전남,완도군,신지면,39
제주,서귀포시,정방동,39
대구,달서구,두류3동,39
대구,서구,내당1동,39
서울,동대문구,답십리5동,39
전남,진도군,조도면,39
서울,동대문구,답십리4동,39
경남,산청군,신등면,39
경북,김천시,대항면,39
전남,함평군,함평읍,39
경기,이천시,대포동,39
울산,동구,대송동,39
경북,김천시,감문면,39
전북,군산시,산북동,39
경북,구미시,형곡1동,39
경기,평택시,독곡동,39
경기,용인시,보정동,39
서울,용산구,청암동,39
경북,영주시,가흥1동,39
전북,전주시,팔복동1가,39
경북,울릉군,북면,39
강원,춘천시,낙원동,39
충남,청양군,목면,39
경기,부천시,송내1동,39
경남,진주시,상봉동,39
충남,논산시,가야곡면,39
강원,원주시,봉산동,39
대전,동구,가양2동,39
경북,경주시,노서동,39
경북,영주시,휴천3동,39
경북,포항시,대보면,39
전북,전주시,중화산동2가,39
경남,마산시,석전동,39
인천,계양구,상야동,39
경남,사천시,대방동,39
경북,영주시,고현동,39
대전,동구,판암1동,38
충남,보령시,청라면,38
경기,부천시,역곡3동,38
대구,북구,매천동,38
경남,진해시,청안동,38
전남,곡성군,죽곡면,38
전남,화순군,한천면,38
전북,군산시,구암동,38
대구,북구,노원동2가,38
부산,금정구,장전2동,38
대구,수성구,만촌2동,38
강원,춘천시,효자3동,38
경남,밀양시,부북면,38
전북,김제시,상동동,38
충남,부여군,규암면,38
광주,동구,금남로5가,38
전남,담양군,대전면,38
경남,마산시,진전면,38
대구,수성구,수성동2가,38
전남,나주시,봉황면,38
서울,용산구,동빙고동,38
전남,여수시,소호동,38
부산,금정구,서3동,38
전남,나주시,공산면,38
전남,광양시,황길동,38
전북,군산시,평화동,38
경남,마산시,가포동,38
대구,중구,동산동,38
전북,무주군,안성면,38
경북,구미시,원평동,38
인천,남구,숭의4동,38
충남,아산시,도고면,38
부산,사상구,덕포2동,38
충북,제천시,금성면,38
서울,서대문구,냉천동,38
전북,정읍시,신월동,38
제주,제주시,한림읍,38
경북,안동시,신세동,38
제주,제주시,조천읍,38
경북,경주시,황성동,38
서울,종로구,평창동,38
강원,원주시,소초면,38
서울,동대문구,휘경2동,38
경북,예천군,용문면,38
서울,광진구,구의1동,38
부산,영도구,남항동2가,38
부산,영도구,대교동,38
충남,청양군,정산면,38
서울,종로구,가회동,38
서울,강북구,미아2동,38
경기,양주시,옥정동,38
서울,종로구,계동,38
전북,전주시,서완산동2가,38
경기,양주시,봉양동,38
서울,마포구,공덕2동,38
경북,경산시,점촌동,38
충남,아산시,신동,38
충북,괴산군,문광면,38
강원,화천군,화천읍,38
경기,평택시,진위면,38
경기,이천시,송정동,38
서울,노원구,중계4동,38
서울,중랑구,상봉1동,38
강원,철원군,김화읍,38
경북,봉화군,춘양면,38
제주,남제주군,안덕면,38
부산,북구,만덕3동,38
충북,제천시,모산동,38
충남,연기군,전동면,38
서울,성동구,성수동2가,37
전남,여수시,교동,37
충남,논산시,대교동,37
대구,동구,신암3동,37
전남,신안군,흑산면,37
강원,화천군,하남면,37
충북,증평군,도안면,37
충남,홍성군,결성면,37
대구,달성군,옥포면,37
광주,서구,치평동,37
충남,아산시,읍내동,37
전남,순천시,인제동,37
경북,의성군,봉양면,37
경북,경주시,용강동,37
경북,김천시,남산동,37
대구,수성구,사월동,37
경북,상주시,화서면,37
서울,동대문구,용두1동,37
경남,양산시,원동면,37
경북,성주군,선남면,37
경기,평택시,칠원동,37
충남,아산시,선장면,37
서울,강남구,대치3동,37
서울,송파구,장지동,37
전북,정읍시,장명동,37
전남,장흥군,대덕읍,37
경북,안동시,정하동,37
충남,보령시,내항동,37
경북,김천시,평화동,37
서울,금천구,독산2동,37
대구,남구,봉덕1동,37
강원,횡성군,공근면,37
울산,중구,우정동,37
경남,통영시,무전동,37
서울,성동구,금호동2가,37
경기,성남시,삼평동,37
경남,함안군,칠서면,37
부산,서구,부민동3가,37
인천,부평구,삼산1동,37
인천,부평구,청천1동,37
광주,동구,계림2동,37
충북,청원군,남이면,37
경기,화성시,진안동,37
전북,임실군,오수면,37
경기,화성시,팔탄면,37
부산,사상구,감전1동,37
경기,안성시,당왕동,37
충북,제천시,신동,37
강원,춘천시,소양로1가,37
경남,고성군,마암면,37
경남,거제시,상동동,37
전남,고흥군,두원면,37
경기,수원시,구운동,37
충남,부여군,장암면,37
경남,거제시,장목면,37
경남,거제시,양정동,37
강원,동해시,삼화동,37
서울,영등포구,도림동,37
인천,동구,송림2동,37
전남,순천시,남내동,37
전북,부안군,보안면,37
부산,영도구,봉래동4가,37
강원,영월군,서면,37
경북,포항시,대신동,37
광주,북구,동림동,37
경북,포항시,용흥2동,37
인천,옹진군,연평면,36
경기,양주시,산북동,36
충남,천안시,다가동,36
충남,공주시,신관동,36
전남,장성군,황룡면,36
경남,통영시,인평동,36
강원,강릉시,사천면,36
강원,횡성군,둔내면,36
제주,북제주군,한경면,36
서울,구로구,개봉본동,36
경남,김해시,안동,36
부산,부산진구,당감2동,36
전남,함평군,대동면,36
강원,춘천시,조양동,36
전북,남원시,죽항동,36
경북,김천시,대광동,36
부산,연제구,연산9동,36
전북,무주군,적상면,36
경북,김천시,구성면,36
충북,충주시,수안보면,36
인천,중구,관동1가,36
울산,동구,동부동,36
부산,동래구,명륜1동,36
충남,아산시,실옥동,36
경기,수원시,교동,36
경남,진해시,태백동,36
경북,예천군,개포면,36
경기,화성시,송산동,36
서울,동작구,상도2동,36
대전,중구,안영동,36
충남,보령시,대천1동,36
서울,관악구,미성동,36
경남,창원시,반지동,36
전남,여수시,율촌면,36
충남,천안시,쌍용1동,36
부산,수영구,남천2동,36
대전,동구,삼성2동,36
인천,강화군,양도면,36
충남,아산시,배방읍,36
경기,오산시,수청동,36
경남,진주시,망경동,36
강원,양양군,서면,36
대전,동구,낭월동,36
경북,칠곡군,가산면,36
경북,경주시,동천동,36
전북,정읍시,신정동,36
경남,하동군,진교면,36
경남,함양군,수동면,36
부산,금정구,부곡1동,36
부산,금정구,부곡3동,36
경남,창녕군,대합면,36
부산,연제구,연산4동,36
경기,광주시,남종면,35
충남,공주시,탄천면,35
충북,진천군,덕산면,35
충남,서산시,석남동,35
제주,북제주군,구좌읍,35
경기,과천시,주암동,35
전북,김제시,용지면,35
전북,순창군,구림면,35
전북,정읍시,산내면,35
서울,중구,충무로2가,35
전남,여수시,소라면,35
대구,북구,서변동,35
경북,안동시,이천동,35
전남,영광군,대마면,35
대전,대덕구,법2동,35
경기,용인시,풍덕천1동,35
서울,강남구,삼성2동,35
경남,거제시,하청면,35
부산,해운대구,반송동,35
경남,김해시,상동면,35
부산,영도구,동삼3동,35
부산,금정구,남산동,35
경북,구미시,상모동,35
부산,연제구,연산5동,35
서울,관악구,신림4동,35
대구,북구,복현2동,35
서울,동대문구,답십리3동,35
경북,포항시,창포동,35
경기,안성시,금석동,35
경기,안산시,부곡동,35
경남,사천시,좌룡동,35
경북,경주시,강동면,35
경남,마산시,구산면,35
광주,광산구,산월동,35
전남,곡성군,고달면,35
강원,원주시,문막읍,34
광주,남구,신장동,34
경북,안동시,태화동,34
울산,울주군,두동면,34
전남,여수시,남산동,34
충남,부여군,남면,34
광주,동구,지산2동,34
대전,유성구,가정동,34
전남,나주시,남평읍,34
전남,목포시,하당동,34
경기,안성시,서운면,34
경기,성남시,여수동,34
전남,완도군,군외면,34
경북,문경시,영순면,34
경남,사천시,곤양면,34
대구,서구,중리동,34
서울,영등포구,영등포동1가,34
경북,김천시,모암동,34
경남,진해시,장천동,34
전남,영암군,시종면,34
서울,성북구,돈암1동,34
경기,포천시,자작동,34
강원,강릉시,교2동,34
대전,대덕구,석봉동,34
충남,태안군,소원면,33
경북,경산시,대평동,33
강원,원주시,신림면,33
대구,남구,대명6동,33
경남,남해군,삼동면,33
대구,달성군,논공읍,33
부산,남구,용당동,33
광주,북구,문흥1동,32
경남,사천시,용현면,32
경기,화성시,마도면,32
광주,남구,방림1동,31
대구,북구,국우동,31
경남,창원시,성주동,31
부산,남구,용호2동,30
전북,익산시,오산면,30
서울,관악구,신림3동,30
부산,해운대구,중2동,30
인천,남구,주안1동,30
전북,진안군,마령면,30
대전,중구,대흥동,30
전북,임실군,성수면,29
경북,구미시,남통동,29
충북,진천군,광혜원면,29
서울,광진구,중곡1동,29
인천,연수구,청량동,29
제주,제주시,오라3동,29
경기,여주군,흥천면,29
대구,중구,삼덕동1가,29
전남,영광군,불갑면,29
경북,구미시,황상동,28
충남,서산시,오남동,28
충남,천안시,광덕면,28
강원,강릉시,금학동,28
전남,해남군,삼산면,28
경기,시흥시,능곡동,28
부산,사하구,장림1동,28
경남,김해시,진영읍,28
경북,안동시,예안면,28
경북,영주시,가흥2동,28
경북,영덕군,강구면,28
경기,안양시,귀인동,28
경기,이천시,백사면,28
경남,통영시,태평동,28
광주,동구,지산1동,28
경기,의정부시,자일동,28
경북,울진군,온정면,28
경북,상주시,중동면,28
부산,중구,보수동1가,27
전남,여수시,미평동,27
전남,보성군,겸백면,27
서울,종로구,봉익동,27
강원,영월군,수주면,27
경기,이천시,증포동,27
서울,강동구,강일동,27
전북,정읍시,이평면,27
서울,종로구,창신1동,27
인천,강화군,길상면,27
광주,북구,유동,27
경기,시흥시,월곶동,27
충남,보령시,천북면,27
전남,고흥군,고흥읍,27
경남,창원시,진동면,27
충남,보령시,주산면,27
전북,고창군,무장면,27
부산,동구,초량동,27
서울,마포구,도화2동,27
경북,경주시,양남면,27
충북,제천시,교동,27
강원,동해시,송정동,27
전남,함평군,신광면,27
충남,논산시,상월면,27
서울,송파구,풍납1동,27
경남,사천시,벌리동,26
전북,군산시,영동,26
대전,서구,가수원동,26
경북,고령군,성산면,26
경북,김천시,문당동,26
경북,영주시,부석면,26
전남,화순군,이양면,26
충남,보령시,동대동,26
강원,춘천시,사농동,26
광주,동구,소태동,26
서울,중구,만리동1가,26
대구,달서구,본동,26
경북,성주군,금수면,26
경남,남해군,상주면,26
광주,동구,산수2동,26
경기,가평군,북면,26
전북,부안군,백산면,26
경북,포항시,기계면,26
충북,보은군,회남면,26
충남,예산군,덕산면,25
전남,진도군,의신면,25
전남,여수시,서교동,25
전남,담양군,수북면,25
충북,괴산군,증평읍,25
서울,동대문구,청량리1동,25
경북,구미시,거의동,25
서울,종로구,안국동,25
경북,포항시,양덕동,25
충남,서천군,판교면,25
강원,홍천군,남면,25
전남,여수시,화정면,25
전북,김제시,백구면,25
경북,문경시,유곡동,25
경기,안성시,중리동,25
충남,공주시,주미동,25
경남,김해시,화목동,25
부산,중구,부평동2가,25
대구,수성구,범어3동,25
경북,경주시,율동,25
서울,송파구,잠실4동,25
부산,동래구,안락2동,25
경남,합천군,대양면,25
경기,평택시,서탄면,25
강원,강릉시,내곡동,25
강원,춘천시,동내면,25
전북,완주군,이서면,25
경기,용인시,삼가동,25
전북,고창군,상하면,25
경기,수원시,북수동,25
경남,창녕군,길곡면,25
인천,연수구,선학동,24
충북,충주시,노은면,24
경기,시흥시,정왕1동,24
전북,순창군,복흥면,24
서울,노원구,중계3동,24
전북,익산시,왕궁면,24
광주,동구,학동,24
서울,서초구,방배본동,24
전북,전주시,송천동1가,24
대구,서구,평리3동,24
경기,성남시,수진1동,24
전남,나주시,세지면,24
경기,안산시,사3동,24
충남,서산시,죽성동,24
서울,성북구,안암동4가,24
부산,서구,충무동1가,24
전북,순창군,쌍치면,24
전남,화순군,춘양면,24
경남,마산시,양덕동,24
경기,광명시,철산4동,24
부산,사하구,하단2동,24
경남,산청군,생비량면,24
충남,논산시,노성면,24
충북,청원군,북이면,24
충북,제천시,강제동,24
서울,노원구,월계1동,24
경기,용인시,죽전1동,24
서울,관악구,남현동,24
서울,중구,서소문동,24
서울,중구,필동2가,24
경기,평택시,신대동,24
경남,고성군,동해면,24
대전,동구,가오동,24
대전,유성구,대정동,24
경북,칠곡군,약목면,24
전북,정읍시,공평동,24
경기,의정부시,호원1동,24
강원,강릉시,청량동,24
전북,진안군,주천면,24
강원,강릉시,포남동,24
전북,정읍시,덕천면,24
전북,진안군,부귀면,24
경북,의성군,단촌면,24
강원,동해시,묵호진동,24
강원,원주시,귀래면,24
경북,의성군,춘산면,24
제주,서귀포시,신효동,24
서울,성동구,성수1가1동,24
전북,김제시,백산면,24
전남,여수시,여서동,24
서울,은평구,응암3동,24
강원,영월군,상동읍,24
제주,제주시,화북1동,24
경남,거제시,둔덕면,24
충북,청주시,오동동,24
충남,천안시,성정1동,24
경기,가평군,가평읍,24
전북,군산시,창성동,24
경남,함양군,지곡면,23
서울,노원구,월계4동,23
경북,의성군,가음면,23
부산,영도구,동삼1동,23
경북,청도군,매전면,23
강원,삼척시,근덕면,23
경북,김천시,지좌동,23
광주,광산구,임곡동,23
대구,남구,대명4동,23
강원,영월군,중동면,23
대구,달서구,월성2동,23
충북,청주시,강서1동,23
경북,영천시,청통면,23
부산,사상구,모라1동,23
경북,문경시,호계면,23
경북,영천시,완산동,23
경북,영주시,순흥면,23
경북,포항시,득량동,23
경북,포항시,효자동,23
대전,중구,대사동,23
서울,동대문구,장안3동,23
강원,원주시,태장동,23
강원,정선군,북면,23
전북,고창군,심원면,23
전북,군산시,옥도면,23
경기,안양시,박달2동,23
전북,군산시,옥산면,23
제주,북제주군,추자면,23
충남,금산군,진산면,23
전남,장성군,북이면,23
경기,평택시,유천동,23
전북,진안군,정천면,23
경기,의정부시,가능2동,23
경남,사천시,서동,23
전남,신안군,안좌면,23
경기,포천시,영중면,23
경기,수원시,세류3동,23
인천,계양구,서운동,23
전남,순천시,덕월동,23
경남,양산시,소주동,23
전북,무주군,무풍면,23
강원,횡성군,강림면,23
강원,평창군,도암면,23
전북,익산시,용동면,23
서울,영등포구,문래동1가,23
전남,영암군,학산면,23
서울,용산구,한남1동,23
경기,부천시,상1동,23
인천,서구,가좌2동,23
경기,화성시,남양동,23
경기,안성시,양성면,23
강원,평창군,미탄면,23
경기,하남시,춘궁동,23
경기,평택시,세교동,22
경북,상주시,헌신동,22
대전,동구,판암2동,22
서울,종로구,팔판동,22
경북,상주시,공성면,22
서울,광진구,모진동,22
서울,관악구,신림8동,22
경북,영양군,청기면,22
경기,하남시,초일동,22
경남,창원시,사파정동,22
전북,남원시,아영면,22
경기,고양시,지영동,22
광주,광산구,신가동,22
인천,옹진군,백령면,22
부산,남구,대연2동,22
충북,음성군,삼성면,22
부산,금정구,장전동,22
경기,광명시,소하1동,22
경기,고양시,현천동,22
전북,전주시,서노송동,22
전남,곡성군,옥과면,22
강원,동해시,이도동,22
전남,신안군,압해면,22
전남,순천시,낙안면,22
전북,정읍시,산외면,22
전남,순천시,풍덕동,22
울산,중구,태화동,22
강원,동해시,동호동,22
경북,울진군,원남면,22
강원,강릉시,용강동,22
대전,서구,갈마2동,22
경기,이천시,중리동,22
전북,김제시,신풍동,22
전북,남원시,덕과면,22
경북,고령군,덕곡면,22
대구,동구,신암4동,22
전북,군산시,미룡동,22
충북,충주시,연수동,22
경남,진주시,봉곡동,22
서울,마포구,염리동,22
충남,아산시,배미동,22
경남,마산시,양덕2동,22
충남,서천군,한산면,22
충남,보령시,성주면,22
대구,동구,효목2동,22
강원,춘천시,서면,22
서울,동대문구,답십리1동,22
전남,진도군,고군면,22
경북,구미시,도량2동,22
경남,의령군,부림면,22
대구,남구,봉덕동,22
경남,거제시,거제면,22
충남,예산군,광시면,22
경북,군위군,우보면,22
경남,창원시,반계동,22
전남,해남군,화원면,22
서울,동작구,사당1동,22
충남,연기군,동면,22
전북,고창군,부안면,22
경남,합천군,봉산면,21
전북,전주시,팔복동2가,21
광주,동구,호남동,21
서울,서초구,내곡동,21
전남,나주시,용산동,21
경남,합천군,가회면,21
서울,성북구,장위2동,21
경기,안양시,달안동,21
전남,나주시,다시면,21
경기,양주시,어둔동,21
전남,나주시,오량동,21
경북,김천시,증산면,21
전남,구례군,문척면,21
경기,성남시,심곡동,21
서울,강남구,일원본동,21
서울,성북구,길음1동,21
인천,동구,송현3동,21
대전,중구,용두동,21
서울,서대문구,천연동,21
경남,통영시,도산면,21
충북,음성군,음성읍,21
부산,남구,문현4동,21
경기,수원시,하동,21
경기,수원시,장안동,21
부산,북구,만덕2동,21
전북,익산시,여산면,21
경남,양산시,교동,21
경기,수원시,세류1동,21
경북,청도군,이서면,21
경기,이천시,율면,21
경북,경주시,천북면,21
경기,용인시,서천동,21
충남,천안시,원성2동,21
경남,마산시,산호2동,21
전남,장흥군,용산면,21
강원,철원군,서면,21
강원,태백시,장성동,21
경기,평택시,포승읍,21
대구,남구,이천동,21
강원,홍천군,북방면,21
경기,포천시,화현면,21
경기,하남시,감북동,21
강원,원주시,흥업면,21
경기,부천시,소사동,21
서울,용산구,서빙고동,21
서울,동작구,노량진동,21
제주,북제주군,조천읍,21
충남,청양군,대치면,21
대전,서구,매노동,21
전북,김제시,부량면,21
경기,의왕시,포일동,21
경기,의왕시,월암동,21
서울,강동구,성내1동,21
서울,강동구,둔촌2동,21
경기,의왕시,삼동,21
광주,서구,농성2동,21
경남,사천시,축동면,21
울산,울주군,웅촌면,21
전남,화순군,남면,20
경기,동두천시,광암동,20
경기,구리시,교문2동,20
경기,수원시,매탄4동,20
대구,중구,달성동,20
대구,중구,문화동,20
대전,대덕구,중리동,20
전남,순천시,금곡동,20
대전,동구,판암동,20
전북,익산시,낭산면,20
대구,서구,내당4동,20
전남,나주시,금천면,20
충북,충주시,봉방동,20
서울,강남구,역삼2동,20
대구,달성군,현풍면,20
경기,안성시,원곡면,20
서울,종로구,종로5가,20
충북,단양군,단성면,20
충남,금산군,부리면,20
경북,구미시,원평1동,20
서울,도봉구,방학3동,20
충남,공주시,웅진동,20
경남,김해시,강동,20
서울,강동구,명일2동,20
경북,문경시,동로면,20
경북,예천군,보문면,20
서울,종로구,내자동,20
경북,영주시,영주1동,20
서울,종로구,신문로2가,20
제주,서귀포시,강정동,20
서울,중구,장충동1가,20
인천,남동구,구월4동,20
경기,안양시,안양5동,20
전북,전주시,여의동,20
경북,경주시,북군동,20
경남,창원시,용호동,20
강원,춘천시,삼천동,20
전북,익산시,팔봉동,20
경남,함안군,함안면,20
강원,춘천시,북산면,20
충북,음성군,원남면,20
서울,송파구,가락2동,20
경북,경주시,충효동,20
강원,원주시,태장1동,20
인천,부평구,산곡1동,20
부산,서구,아미동,20
인천,동구,만석동,20
대구,북구,읍내동,19
경북,김천시,성내동,19
충남,보령시,남곡동,19
경남,남해군,이동면,19
대구,서구,평리6동,19
충남,금산군,추부면,19
경남,사천시,곤명면,19
경기,군포시,군포2동,19
경북,구미시,형곡2동,19
경북,영주시,가흥동,19
전남,여수시,덕충동,19
경북,칠곡군,동명면,19
인천,남구,학익1동,19
충북,음성군,맹동면,19
경기,시흥시,무지내동,19
인천,남구,용현2동,19
경기,안산시,와동,19
충북,청주시,방서동,19
광주,광산구,장덕동,19
광주,남구,봉선2동,19
부산,동구,좌천1동,19
부산,북구,덕천동,18
부산,연제구,연산3동,18
경기,안산시,대부남동,18
경남,창녕군,대지면,18
경남,산청군,시천면,18
전북,익산시,모현동2가,18
경기,군포시,대야미동,18
부산,영도구,청학1동,18
부산,부산진구,가야2동,18
전남,보성군,율어면,18
전남,장성군,삼계면,18
경기,양주시,유양동,18
서울,도봉구,창3동,18
인천,계양구,오류동,18
대전,유성구,대동,18
충남,홍성군,광천읍,18
서울,은평구,신사1동,18
경북,의성군,안평면,18
울산,북구,달천동,18
전북,익산시,중앙동3가,18
경북,경주시,외동읍,17
경북,경산시,백천동,17
대전,유성구,어은동,17
